DATE,SYMBOL,CLOSE,STOP_PRICE,WEIGHT,SIZE_INR,CONFIDENCE,V5_SCORE,ACTION,REGIME
20261005,DIVISLAB,9196.0,8798.86,0.0267,5333.0,6.2,0.8277364410898591,ENTER,RISK_OFF
20261005,RADICO,4289.1,4035.8,0.0267,5333.0,6.1,0.8333590645281186,ENTER,RISK_OFF
20261005,BAJAJ-AUTO,10024.0,9527.71,0.0267,5333.0,6.1,0.8057980958915859,ENTER,RISK_OFF
20261005,NAZARA,385.8,357.56,0.0267,5333.0,6.0,0.8144316264974125,ENTER,RISK_OFF
20261005,BOSCHLTD,44960.0,42309.29,0.0267,5333.0,6.0,0.8084380450010006,ENTER,RISK_OFF
20261005,LALPATHLAB,1971.3,1830.71,0.0267,5333.0,5.9,0.7999353146353319,ENTER,RISK_OFF
20261005,LAURUSLABS,1971.4,1871.23,0.0267,5333.0,5.9,0.782525659719244,ENTER,RISK_OFF
20261005,NYKAA,339.55,318.71,0.0267,5333.0,5.9,0.7653708151070704,ENTER,RISK_OFF
20261005,MOTHERSON,156.5,147.16,0.0267,5333.0,5.8,0.7616222803556623,ENTER,RISK_OFF
20261005,NEULANDLAB,21875.0,20391.43,0.0267,5333.0,5.8,0.7772286073705579,ENTER,RISK_OFF
20261005,PRICOLLTD,704.45,651.34,0.0267,5333.0,5.7,0.7815968350630413,ENTER,RISK_OFF
20261005,HAPPYFORGE,2013.2,1854.9,0.0267,5333.0,5.7,0.7905916745289763,ENTER,RISK_OFF
20261005,ADOR,1512.0,1392.46,0.0267,5333.0,5.6,0.7985193841667381,ENTER,RISK_OFF
20261005,BLSE,319.15,296.59,0.0267,5333.0,5.6,0.7761500414558139,ENTER,RISK_OFF
20261005,KAJARIACER,1214.4,1147.69,0.0267,5333.0,5.6,0.7592128398661977,ENTER,RISK_OFF
